Workbook

Sheet МАКЕТ
E8: Распределение энергоресурсов по виду: | H8: электроэнергия продажа | I8: за июнь 2026
H9: (наименование услуги) | I9: (дата)
B11: ЭЛ.ПОЧТА | C11: телефон | D11: контактное лицо | E11: № п/п | F11: Договор | G11: ИНН | H11: Контрагент | I11: Потребление ЭЭ, МВтч | J11: Стоимость ЭЭ, руб./МВтч | K11: руб. с НДС | L11: с авансами
B12: rch@electrotherm.ru | C12: 8(926)586-10-31; 8(812)309-71-27 доб. 116 | D12: Чуйко Роман Станиславович | E12: =ROW()-11 -> 1 | F12: 92100-542ЭА от 01.08.2021 | G12: 7838493420 | H12: АЛЬФАКОМ ООО | I12: =[1]Итог!D42 -> 14.255 | J12: =[1]Ведомость!D49 -> 10470 | K12: =I12*J12*1.22 -> 182084.82 | O12: 14.255
A13: п | B13: zhenyahor@mail.ru | C13: 8-951-684-3185; 8-911-701-71-31 | D13: Евгений Александрович директор | E13: =ROW()-11 -> 2 | F13: 92100-294Э от 01.02.2017 | G13: 7805643007 | H13: АДАМ ООО | I13: =[1]Итог!D36 -> 2.602 | J13: =[1]Ведомость!D43 -> 10470 | K13: =I13*J13*1.22 -> 33236.387 | O13: 6
A14: п | B14: akomplius@bk.ru | C14: 962-702-58-50 | E14: =ROW()-11 -> 3 | F14: 92100-387Э от 01.01.2018 | G14: 7805720090 | H14: АКОМ + ООО | I14: =[1]Итог!D37 -> 6 | J14: =[1]Ведомость!D44 -> 10470 | K14: =I14*J14*1.22 -> 76640.4 | O14: 0.156
B15: ipsmebelion@yandex.ru | C15: 8-921-375-35-45 | D15: Вячеслав Степанович | E15: =ROW()-11 -> 4 | F15: 92100-674ЭА от 01.04.2024 | G15: 7807276715 | H15: ВашДиВАН ООО | I15: =[1]Итог!D39 -> 0.156 | J15: =[1]Ведомость!D46 -> 10470 | K15: =I15*J15*1.22 -> 1992.6504 | O15: 2.779
A16: п | B16: VOcheretyany@alfabank.ru | C16: 8-921-778-20-97 | D16: комендант Очеретяный Виктор | E16: =ROW()-11 -> 5 | F16: 92100-166Э от 01.03.2015 | G16: 7728168971 | H16: АЛЬФА-БАНК АО | I16: =[1]Итог!D40 -> 2.779 | J16: =[1]Ведомость!D47 -> 10470 | K16: =I16*J16*1.22 -> 35497.279 | O16: 3.033
A17: п | B17: elena.k@rugidro.com; korniloww@rambler.ru | C17: 8-905-235-24-44 | D17: Корнилова Елена Леонидовна | E17: =ROW()-11 -> 6 | F17: 92100-369Э от 01.10.2017 | G17: 7805045896 | H17: АЛЬФАГИДРАВЛИКА ООО | I17: =[1]Итог!D41 -> 3.033 | J17: =[1]Ведомость!D48 -> 10470 | K17: =I17*J17*1.22 -> 38741.722 | O17: 3.1
A18: п | B18: y.sapunkov@krupa-national.ru | C18: 8-921-403-26-43 | E18: =ROW()-11 -> 7 | F18: 92100-053Э от 01.01.2009г. | G18: 7816108153 | H18: АНГСТРЕМ | I18: =[1]Итог!D43 -> 4.074 | J18: =[1]Ведомость!D50 -> 10470 | K18: =I18*J18*1.22 -> 52038.832 | O18: 43.609
B19: Juriy.Borisov@sptz.kzgroup.ru; Stecuk@sptz.kzgroup.ru; Dmitriy.Stripuhovskiy@sptz.kzgroup.ru | E19: =ROW()-11 -> 8 | F19: 92100-319ЭС от 01.06.2024 | G19: 7805059867 | H19: АО Петербургский тракторный завод | I19: =[1]Итог!C14 -> 0 | J19: =[1]Ведомость!D22 -> 8940 | K19: =I19*J19*1.22 -> 0 | O19: 9.667
A20: п | B20: dsch50@mail.ru | C20: 8-911-212-68-40 | E20: =ROW()-11 -> 9 | F20: 92100-092Э от 01.01.2009г. | G20: 7805451231 | H20: АПРИ ООО | I20: =[1]Итог!D44 -> 12.42 | J20: =[1]Ведомость!D51 -> 10470 | K20: =I20*J20*1.22 -> 158645.63 | O20: 66.68
B21: storage.spb@a-priory.ru | C21: 8-921-337-64-73 | E21: =ROW()-11 -> 10 | F21: 92100-524Э от 01.09.2020 | G21: 9721068026 | H21: А-ПРИОРИ ООО | I21: =[1]Итог!D34 -> 16.635 | J21: =[1]Ведомость!D42 -> 10470 | K21: =I21*J21*1.22 -> 212485.51 | O21: 0.322
A22: п | B22: dk@astrinmet.ru | C22: 8-911-037-37-06 | D22: Наталия Сергеевна Норина бух. | E22: =ROW()-11 -> 11 | F22: 92100-421Э от 16.07.2018 | G22: 7813248321 | H22: АСТРИНМЕТ ООО | I22: =[1]Итог!D45 -> 3.1 | J22: =[1]Ведомость!D52 -> 10470 | K22: =I22*J22*1.22 -> 39597.54 | O22: 0.103
A23: п | B23: bmiz-gladilin@yandex.ru | C23: 942-86-14, 329-02-54 | D23: Гладилин Юрий Леонидович | E23: =ROW()-11 -> 12 | F23: 92100-327Э от 01.04.2017 | G23: 7805438872 | H23: БАЛТ.МИП ООО | I23: =[1]Итог!D48 -> 43.609 | J23: =[1]Ведомость!D54 -> 10470 | K23: =I23*J23*1.22 -> 557035.2 | O23: 24.077
B24: tatyana.N.lobas@bspb.ru; | C24: 988123295050, 988123295082 | E24: =ROW()-11 -> 13 | F24: 92100-145Э от 01.12.2013 | G24: 7831000027 | H24: ПАО Банк "Санкт-Петербург" | I24: =[1]Итог!D49 -> 9.667 | J24: =[1]Ведомость!D55 -> 10470 | K24: =I24*J24*1.22 -> 123480.46 | O24: 4.914
A25: п | B25: bks1607@yandex.ru; bogvera@yandex.ru | C25: 8-921-429-13-85 | D25: Сергей Белынский | E25: =ROW()-11 -> 14 | F25: 92100-657ЭА от 01.10.2023 | G25: 781407520703 | H25: Белынский С.В. | I25: =[1]Итог!D51 -> 87.129 | J25: =[1]Ведомость!D58 -> 10470 | K25: =I25*J25*1.22 -> 1112933.6 | O25: 11.1
A26: п | B26: alex-stepanov86@mail.ru; bcsheremetev47@mail.ru | C26: 8-911-826-90-82 | D26: Александр Степанов | E26: =ROW()-11 -> 15 | F26: 92100-100Э от 01.05.2009г | G26: 7805442068 | H26: БИЗНЕС ЦЕНТР ШЕРЕМЕТЕВ ООО | I26: =[1]Итог!D8 -> 66.68 | J26: =[1]Ведомость!D15 -> 8940 | K26: =I26*J26*1.22 -> 727265.42 | O26: 109.2
B27: Bmk.trubogib@mail.ru | C27: 331-08-40; 331 39 70 | E27: =ROW()-11 -> 16 | F27: 92100-033Э от 01.01.2009г. | G27: 7805176673 | H27: БМК | I27: =[1]Итог!D52 -> 0.322 | J27: =[1]Ведомость!D59 -> 10470 | K27: =I27*J27*1.22 -> 4113.0348 | O27: 1.184
A28: п | B28: shop7@svmspb.ru; svm@svmspb.ru | C28: 8-911-285-35-98 | E28: =ROW()-11 -> 17 | F28: 92100-419Э от 01.06.2018 | G28: 781135852869 | H28: Бруданин Владимир Валериевич | I28: =[1]Итог!D53 -> 0.103 | J28: =[1]Ведомость!D60 -> 10470 | K28: =I28*J28*1.22 -> 1315.6602 | O28: 1.46
A29: п | B29: vektormex@mail.ru | C29: 928-82-02 | D29: Сергей Александрович | E29: =ROW()-11 -> 18 | F29: 92100-306Э от 01.02.2017 | G29: 7804569463 | H29: ВЕКТОРМЕХ ООО | I29: =[1]Итог!D54 -> 0.975 | J29: =[1]Ведомость!D62 -> 10470 | K29: =I29*J29*1.22 -> 12454.065 | O29: 210.453
A30: п | B30: info@west-ter.com | C30: 8-921-963-95-23 | E30: =ROW()-11 -> 19 | F30: 92100-549ЭА от 01.03.2021 | G30: 7805774867 | H30: ВЕСТЕР ООО | I30: =[1]Итог!D55 -> 0.065 | J30: =[1]Ведомость!D63 -> 10470 | K30: =I30*J30*1.22 -> 830.271 | O30: 0.4
B31: s.zhuravlev@visotec.ru; ez@evroznak.spb.ru | C31: 8-981-973-04-20 | D31: Журавлев Сергей | E31: =ROW()-11 -> 20 | F31: 92100-108Э от 01.01.2009г. | G31: 7805665201 | H31: ВИЗОТЕК РУС ООО | I31: =[1]Итог!D56 -> 78.935 | J31: =[1]Ведомость!D64 -> 10470 | K31: =I31*J31*1.22 -> 1008268.3 | O31: 2.579
A32: п | B32: vma1999@mail.ru; baltlog@rambler.ru | C32: 921-960-31-24 | D32: Максим Аркадьевич | E32: =ROW()-11 -> 21 | F32: 92100-393Э от 29.01.2018 | G32: 781708945876 | H32: Возный Максим Аркадьевич | I32: =[1]Итог!D58 -> 16.86 | J32: =[1]Ведомость!D66 -> 10470 | K32: =I32*J32*1.22 -> 215359.52 | O32: 6.072
B33: kp@meteck.ru; info@meteck.ru | C33: 8-921-588-33-09 | D33: Овчинников Николай Александрович | E33: =ROW()-11 -> 22 | F33: 92100-594ЭА от 01.03.2022 | G33: 7801402258 | H33: МЕТЕК-ИНЖИНИРИНГ | I33: =[1]Итог!D106 -> 24.077 | J33: =[1]Ведомость!D114 -> 10470 | K33: =I33*J33*1.22 -> 307545.15 | O33: 685.648
A34: п | B34: elizaveta.lisina@gdr-s.ru | C34: 8-968-194-28-03 | D34: Лисина Елизавета | E34: =ROW()-11 -> 23 | F34: 92100-543Э от 01.02.2021 | G34: 7805772450 | H34: ГИДРАВЛИКСЕРВИС ООО | I34: =[1]Итог!D62 -> 4.914 | J34: =[1]Ведомость!D114 -> 10470 | K34: =I34*J34*1.22 -> 62768.488 | O34: 0.242
A35: п | B35: kistanovda@glassburg.com; info@glassburg.com | C35: 79214035203 | D35: директор Антон Валерьевич все решает | E35: =ROW()-11 -> 24 | F35: 92100-255Э от 22.09.2016 | G35: 7805312140 | H35: ГЛАССБУРГ ООО | I35: =[1]Итог!D63 -> 11.1 | J35: =[1]Ведомость!D70 -> 10470 | K35: =I35*J35*1.22 -> 141784.74 | O35: 62.171
A36: п | B36: aleksandr.shirokov@ilimgroup.ru | C36: 8-921-940-88-78 | D36: Александр Широков | E36: =ROW()-11 -> 25 | F36: 92100-203Э от 01.12.2015 | G36: 7840346335 | H36: Группа "Илим" | I36: =[1]Итог!D64 -> 109.2 | J36: =[1]Ведомость!D71 -> 10470 | K36: =I36*J36*1.22 -> 1394855.3 | O36: 0.66
A37: п | B37: 89110948101@mail.ru | C37: 8-911-094-81-01 | D37: Екатерина Мешалкова | E37: =ROW()-11 -> 26 | F37: 92100-416Э от 01.05.2018 | G37: 7841485187 | H37: ГСК ЭКС ООО | I37: =[1]Итог!D65 -> 1.184 | J37: =[1]Ведомость!D72 -> 10470 | K37: =I37*J37*1.22 -> 15123.706 | O37: 7.445
A38: п | B38: chvg@diateh.ru; office@diateh.ru | C38: 719-68-68 | E38: =ROW()-11 -> 27 | F38: 92100-449Э от 26.12.2018 | G38: 7825503030 | H38: ДИАЛОГ-ТЕХНИКА ООО | I38: =[1]Итог!D66 -> 1.46 | J38: =[1]Ведомость!D73 -> 10470 | K38: =I38*J38*1.22 -> 18649.164 | O38: 18
A39: п | B39: dizelinstr@mail.ru; a_lebedeva84@mail.ru | C39: 962-680-15-05 | E39: =ROW()-11 -> 28 | F39: 92100-448Э от 01.01.2019 | G39: 7842124465 | H39: ДИЗЕЛЬ-ИНСТРУМЕНТ СПБ ООО | I39: =[1]Итог!D67 -> 210.453 | J39: =[1]Ведомость!D74 -> 10470 | K39: =I39*J39*1.22 -> 2688200.4 | O39: 225.99
A40: п | B40: donata938@yandex.ru | C40: 8-921-885-43-59 | E40: =ROW()-11 -> 29 | F40: 92100-339Э от 08.07.2017 | G40: 780709242916 | H40: Дмитриенко | I40: =[1]Итог!D68 -> 0.4 | J40: =[1]Ведомость!D75 -> 10470 | K40: =I40*J40*1.22 -> 5109.36 | O40: 124.467
B41: dop0-metal@yandex.ru; baltstar@inbox.ru | C41: 989219055882 | E41: =ROW()-11 -> 30 | F41: 92100-253Э от 08.09.2016 | G41: 4703137366 | H41: ДОПУСК-0 ООО | I41: =[1]Итог!D69 -> 2.579 | J41: =[1]Ведомость!D76 -> 10470 | K41: =I41*J41*1.22 -> 32942.599 | O41: 385.01
A42: п | B42: evrovik2020@yandex.ru | C42: 326-55-95 | E42: =ROW()-11 -> 31 | F42: 92100-356Э от 01.08.2017 | G42: 7816647557 | H42: ЕВРОВИК МАШСЕРВИС ООО | I42: =[1]Итог!D71 -> 6.072 | J42: =[1]Ведомость!D78 -> 10470 | K42: =I42*J42*1.22 -> 77560.085 | O42: 1.098
A43: п | B43: 3307573@gmail.com; olga_a2008@mail.ru | C43: 7-965-057-78-00 Артур | E43: =ROW()-11 -> 32 | F43: 92100-535Э от 11.11.2020 | G43: 783900324772 | H43: Оникс ООО | I43: =[1]Итог!D72 -> 3 | J43: =[1]Ведомость!D79 -> 10470 | K43: =I43*J43*1.22 -> 38320.2 | O43: 3.564
B44: brygin.sv@k-energomash.ru | C44: +7 (911)984-96-29 | E44: =ROW()-11 -> 33 | F44: 92100-010Э/3-803-189-09-103 от 01.01.2009 | G44: 7805060301 | H44: ЗАВОД КИРОВ-ЭНЕРГОМАШ АО | I44: =[1]Итог!D23 -> 685.648 | J44: =[1]Ведомость!I289*1000 -> 8460 | K44: =I44*J44*1.22 -> 7076710.1 | O44: 22.712
A45: п | B45: i_zavyalov@inbox.ru; timofeev_dim@inbox.ru | C45: 8-962-700-14-65; 89110952014 по показаниям | D45: Завьялов Дмитрий Алексеевич | E45: =ROW()-11 -> 34 | F45: 92100-478Э от 01.11.2019 | G45: 7816583800 | H45: ЗАВЬЯЛОВ ООО | I45: =[1]Итог!D75 -> 2.333 | J45: =[1]Ведомость!D82 -> 10470 | K45: =I45*J45*1.22 -> 29800.342 | O45: 0.321
A46: п | B46: vasiyzoviylov@inbox.ru | C46: 8-921-940-66-51 | E46: =ROW()-11 -> 35 | F46: 92100-562ЭА от 01.04.2021 | G46: 591304618360 | H46: Завьялова Светлана Николаевна | I46: =[1]Итог!D76 -> 0.242 | J46: =[1]Ведомость!D83 -> 10470 | K46: =I46*J46*1.22 -> 3091.1628 | O46: 2.233
A47: п | B47: ecomarin2014@gmail.com; info@ivolga.in | C47: 8-921-184-90-80 | E47: =ROW()-11 -> 36 | F47: 92100-139Э от 01.10.2013г. | G47: 7805468411 | H47: ИВОЛГА ООО | I47: =[1]Итог!D77 -> 62.171 | J47: =[1]Ведомость!D84 -> 10470 | K47: =I47*J47*1.22 -> 794135.05 | O47: 4.365
A48: п | B48: info@imaengin.ru | C48: 8-911-956-34-71 | D48: Григорьева Марина | E48: =ROW()-11 -> 37 | F48: 92100-404Э от 01.04.2018 | G48: 7810445314 | H48: ИМА ИНЖИНИРИНГ ООО | I48: =[1]Итог!D78 -> 0.66 | J48: =[1]Ведомость!D85 -> 10470 | K48: =I48*J48*1.22 -> 8430.444 | O48: 10.919
A49: п | B49: vitaliy_nedyak@mail.ru; investstanok@ya.ru; investstanok1@ya.ru | C49: 8-495-105-93-70 +79119461301 +79697098192 | D49: Виталий Н. | E49: =ROW()-11 -> 38 | F49: 92100-336Э от 01.05.2017 | G49: 5047120398 | H49: ИНВЕСТ-СТАНКО ООО | I49: =[1]Итог!D79 -> 7.445 | J49: =[1]Ведомость!D86 -> 10470 | K49: =I49*J49*1.22 -> 95097.963 | O49: 1.48
A50: п | B50: kalan-spb@yandex.ru | C50: 8-905-212-17-53 | D50: Мишура Дмитрий Евгеньевич | E50: =ROW()-11 -> 39 | F50: 92100-192 Э от 01.08.2015 | G50: 7805512004 | H50: КАЛАН ООО | I50: =[1]Итог!D83 -> 18 | J50: =[1]Ведомость!D90 -> 10470 | K50: =I50*J50*1.22 -> 229921.2 | O50: 25.941
B51: Aleksandr.Sokolov@kzgroup.ru; tgn@kzgroup.ru; Alexandr.Serov@kzgroup.ru; Yakov.Levchenko@kzgroup.ru | E51: =ROW()-11 -> 40 | F51: 92100-052Э от 01.01.2010 | G51: 7805019279 | H51: КИРОВСКИЙ ЗАВОД ПАО | I51: =[1]Итог!D9 -> 225.99 | J51: =[1]Ведомость!D16 -> 8940 | K51: =I51*J51*1.22 -> 2464827.7 | O51: 3347.038
E52: =ROW()-11 -> 41 | F52: 92100-188Э от 01.05.2015 (арендные) | G52: 7805019279 | H52: КИРОВСКИЙ ЗАВОД ПАО | I52: =[1]Итог!D12 -> 124.467 | J52: =[1]Ведомость!D16 -> 8940 | K52: =I52*J52*1.22 -> 1357536.7 | O52: 15.056
B53: office@kirovtek.kzgroup.ru | E53: =ROW()-11 -> 42 | F53: 92100-008Э от 01.07.2008г. | G53: 7805060502 | H53: КИРОВТЭК АО | I53: =[1]Итог!D10 -> 385.01 | J53: =[1]Ведомость!D17 -> 8940 | K53: =I53*J53*1.22 -> 4199227.1 | O53: 352.023
B54: office@kirovtek.kzgroup.ru | E54: =ROW()-11 -> 43 | F54: 92100-317ЭС от 01.01.2024 | G54: 7805060502 | H54: КИРОВТЭК АО | I54: =[1]Итог!D11 -> 59.425 | J54: =[1]Ведомость!D17 -> 8940 | K54: =I54*J54*1.22 -> 648136.59 | O54: 28.528
A55: п | B55: spb.konli@mail.ru; | C55: 960-238-68-76 | E55: =ROW()-11 -> 44 | F55: 92100-297Э от 01.02.2017 | G55: 7810658785 | H55: КонЛи ООО | I55: =[1]Итог!D88 -> 1.098 | J55: =[1]Ведомость!D95 -> 10470 | K55: =I55*J55*1.22 -> 14025.193 | O55: 11.651
A56: п | B56: container.spb@yandex.ru; container.spb@bk.ru | C56: 8-911-250-41-68; 8-911-125-71-53 | D56: Директор Леонид Игоревич | E56: =ROW()-11 -> 45 | F56: 92100-433Э от 10.10.2018 | G56: 7805691723 | H56: КОНТЕЙНЕР-СПБ ООО | I56: =[1]Итог!D89 -> 3.564 | J56: =[1]Ведомость!D96 -> 10470 | K56: =I56*J56*1.22 -> 45524.398 | O56: 1.013
B57: Tzech-gm@kontinental.ru; 313@kontinental.ru | C57: 989215514545 | E57: =ROW()-11 -> 46 | F57: 92100-408Э от 01.03.2018 | G57: 6609002301 | H57: КОНТИНЕНТАЛЬ ООО | I57: =[1]Итог!D90 -> 22.712 | J57: =[1]Ведомость!D97 -> 10470 | K57: =I57*J57*1.22 -> 290109.46 | O57: 28.497
A58: п | B58: snab@dveriloft.ru | C58: 900-622-18-18; 8-981-964-86-13 | D58: Екатерина Карпова | E58: =ROW()-11 -> 47 | F58: 92100-537Э от 04.12.2020 | G58: 780625838597 | H58: Копосов Иван Владимирович | I58: =[1]Итог!D91 -> 0.321 | J58: =[1]Ведомость!D98 -> 10470 | K58: =I58*J58*1.22 -> 4100.2614 | O58: 64.516
A59: п | B59: egmarev@mail.ru; barabanovaleksey@list.ru; 9304723@mail.ru; 4263777@mail.ru | C59: 89819586019 | D59: Алексей Барабанов | E59: =ROW()-11 -> 48 | F59: 92100-462Э от 20.02.2019 | G59: 7816653529 | H59: КРИСТАЛЛ ООО | I59: =[1]Итог!D93 -> 2.233 | J59: =[1]Ведомость!D100 -> 10470 | K59: =I59*J59*1.22 -> 28523.002 | O59: 14.255
A60: п | B60: 110560@mail.ru; sales@ksanf.spb.ru | C60: 334-11-33 | D60: Лузаков Сергей Кузьмич | E60: =ROW()-11 -> 49 | F60: 92100-436Э от 01.10.2018 | G60: 7813115875 | H60: КСАНФ ООО | I60: =[1]Итог!D94 -> 0.299 | J60: =[1]Ведомость!D101 -> 10470 | K60: =I60*J60*1.22 -> 3819.2466 | O60: 0.187
B61: matveeva@k-sm.ru; irina@k-sm.ru; inbox@k-sm.ru | C61: 8(812)7020104, 89219464682 | E61: =ROW()-11 -> 50 | F61: 92100-225Э от 04.03.2016 | G61: 7805320630 | H61: КСМ СПБ ООО | I61: =[1]Итог!D95 -> 4.365 | J61: =[1]Ведомость!D102 -> 6180 | K61: =I61*J61*1.22 -> 32910.354 | O61: 1521.504
A62: п | B62: mail@jettechnologies.ru; sergey.lukianov@jettechnologies.ru | C62: 989817141725; 988126002436, 989217449544, 989118184787 | E62: =ROW()-11 -> 51 | F62: 92100-148Э от 01.04.2014 | G62: 7805716752 | H62: КСТ ООО | I62: =[1]Итог!D96 -> 10.919 | J62: =[1]Ведомость!D103 -> 10470 | K62: =I62*J62*1.22 -> 139472.75 | O62: 86.042
A63: п | B63: lazerproff@gmail.com | C63: 8-953-343-85-98 | D63: Александр Щекотуров | E63: =ROW()-11 -> 52 | F63: 92100-481Э от 22.07.2019 | G63: 7810735655 | H63: ЛАЗЕР ПРОФ ООО | I63: =[1]Итог!D97 -> 1.24 | J63: =[1]Ведомость!D104 -> 10470 | K63: =I63*J63*1.22 -> 15839.016 | O63: 4.776
A64: п | B64: 2427666@mail.ru | C64: 8-911-242-76-66 | D64: Филатов Дмитрий Александрович | E64: =ROW()-11 -> 53 | F64: 92100-515Э от 01.06.2020 | G64: 7839097444 | H64: ЛИДЕР ООО (515Э) | I64: =[1]Итог!D98 -> 1.48 | J64: =[1]Ведомость!D105 -> 10470 | K64: =I64*J64*1.22 -> 18904.632 | O64: 298.3
B65: Roman.Petrov@lokomotiv.kzgroup.ru; Andrey.Aksenov@lokomotiv.kzgroup.ru | E65: =ROW()-11 -> 54 | F65: 92100-021Э от 01.01.2009 | G65: 7805227529 | H65: ЛОКОМОТИВ АО | I65: =[1]Итог!D13 -> 25.941 | J65: =[1]Ведомость!D19 -> 8940 | K65: =I65*J65*1.22 -> 282933.3 | O65: 5.584
A66: п | B66: lotospiter@bk.ru; B222@yandex.ru | C66: 8-960-255-51-26 | D66: сам звонит | E66: =ROW()-11 -> 55 | F66: 92100-289Э от 01.04.2017 | G66: 7805237005 | H66: ЛОТОС ООО | I66: =[1]Итог!D99 -> 0.096 | J66: =[1]Ведомость!D106 -> 10470 | K66: =I66*J66*1.22 -> 1226.2464 | O66: 1.623
A67: п | B67: 9448628@mail.ru | C67: 8-921-944-86-28 | E67: =ROW()-11 -> 56 | F67: 92100-432Э от 01.09.2018 | G67: 7805730926 | H67: МЕБЕЛЬ СЕРВИС ООО | I67: =[1]Итог!D101 -> 0.082 | J67: =[1]Ведомость!D108 -> 10470 | K67: =I67*J67*1.22 -> 1047.4188 | O67: 2.519
B68: makarovvv@petrostal.spb.ru ; feofanova@petrostal.spb.ru; alekseevn@petrostal.spb.ru ; pushkarevdv@petrostal.spb.ru ; dispetchsluzhb@petrostal.spb.ru | E68: =ROW()-11 -> 57 | F68: 92100-014Э от 01.01.2009г | G68: 7805059786 | H68: Металлургический завод "Петросталь" АО | I68: =[1]Итог!D22 -> 3347.038 | J68: =[1]Ведомость!D21 -> 8310 | K68: =I68*J68*1.22 -> 33932941 | O68: 21.258
B69: mrm_530@mail.ru | C69: 6476507, 8-921-945-80-04 | E69: =ROW()-11 -> 58 | F69: 92100-050Э от 01.01.2009г. | G69: 7805669823 | H69: МЕТАЛЛУРГРЕМОНТМОНТАЖ ООО | I69: =[1]Итог!D105 -> 15.056 | J69: =[1]Ведомость!D112 -> 10470 | K69: =I69*J69*1.22 -> 192316.31 | O69: 32.812
B70: info@metrostr.ru; tatyana.solodovnikova@metrostr.ru | C70: 8-921-330-15-21 | E70: =ROW()-11 -> 59 | F70: 92100-583ЭА от 29.10.2021 | G70: 7810904590 | H70: МЕТРОСТРОЙ СЕВЕРНОЙ СТОЛИЦЫ АО | I70: =[1]Итог!D26 -> 352.023 | J70: =[1]Ведомость!D113 -> 10470 | K70: =I70*J70*1.22 -> 4496530.6 | O70: 2.079
A71: п | B71: n.u.art@yandex.ru | C71: 8-981-974-47-54 | D71: Щипарева Елена Борисовна | E71: =ROW()-11 -> 60 | F71: 92100-638ЭА от 01.05.2023 г | G71: 7807261807 | H71: ООО "ИНЖЕНЕРНЫЕ ТЕХНОЛОГИИ (бывший МЕХАНИКА ООО) | I71: =[1]Итог!D107 -> 0.07 | J71: =[1]Ведомость!D115 -> 10470 | K71: =I71*J71*1.22 -> 894.138 | O71: 7.726
A72: п | B72: d.dernov@mcs-spb.com; info@mcs-spb.com; e.petrov@mcs-spb.com; v.yaguthin@mcs-spb.com | C72: 8-952-215-24-65, 8-981-910-57-02, 8-960-062-32-08 | D72: Дмитрию Васильевичу Дернову. | E72: =ROW()-11 -> 61 | F72: 92100-553Э от 01.02.2021 | G72: 7801304758 | H72: МКС ООО | I72: =[1]Итог!D110 -> 28.528 | J72: =[1]Ведомость!D118 -> 10470 | K72: =I72*J72*1.22 -> 364399.56 | O72: 7.668
A73: п | B73: mail@jettechnologies.ru; sergey.lukianov@jettechnologies.ru | C73: 988127033156; 984959116552, 988127039367, 989506235552, 989110189943 | E73: =ROW()-11 -> 62 | F73: 92100-056Э от 01.01.2009 | G73: 7740000076 | H73: МОБИЛЬНЫЕ ТЕЛЕСИСТЕМЫ ПАО | I73: =[1]Итог!D111 -> 11.651 | J73: =[1]Ведомость!D119 -> 10470 | K73: =I73*J73*1.22 -> 148822.88 | O73: 0.701
A74: п | B74: basremont@gmail.com | C74: 8-911-814-13-26 | D74: Баскакова Марина Павловна | E74: =ROW()-11 -> 63 | F74: 92100-672ЭА от 01.03.2024 | G74: 7805813594 | H74: МОТОР-РАСТОЧКА СПб ООО | I74: =[1]Итог!D112 -> 1.013 | J74: =[1]Ведомость!D120 -> 10470 | K74: =I74*J74*1.22 -> 12939.454 | O74: 30.616
B75: info@ompspb.ru; Energy478@ya.ru; enprofd@gmail.com; info@nevaenergoatom.ru; sii@nea-spb.ru | C75: 988123026007, 989219928010 | E75: =ROW()-11 -> 64 | F75: 92100-425Э от 01.08.2018 | G75: 7805726214 | H75: НЕВАЭНЕРГОАТОМ ООО | I75: =[1]Итог!D113 -> 28.497 | J75: =[1]Ведомость!D121 -> 10470 | K75: =I75*J75*1.22 -> 364003.58 | O75: 2.18
A76: п | B76: egor5m@yandex.ru; 101@ornamita.ru; baltlog1976@gmail.com; 110@ornamita.ru | C76: 89219449049; 921-640-52-02 | E76: =ROW()-11 -> 65 | F76: 92100-195Э от 02.09.2015 | G76: 7839021438 | H76: НЕВСКИЙ ПРОКАТНЫЙ ЗАВОД ООО | I76: =[1]Итог!D114 -> 64.516 | J76: =[1]Ведомость!D122 -> 10470 | K76: =I76*J76*1.22 -> 824088.67 | O76: 18.643
A77: п | B77: vladimir.moiseenko@nordweg.ru; safety@nordweg.ru | C77: 8-921-937-05-29; +7 931 968 74 65 | D77: Владимир Моисеенко/ Селиванов Сергей Анатольевич | E77: =ROW()-11 -> 66 | F77: 92100-119Э от 01.01.2009 | G77: 7805205645 | H77: НОРДВЕГ ЗАО | I77: =[1]Итог!D27 -> 14.255 | J77: =[1]Ведомость!D123 -> 10470 | K77: =I77*J77*1.22 -> 182084.82 | L77: Собственник | O77: 105.29
A78: п | B78: metaholding@mail.ru | E78: =ROW()-11 -> 67 | F78: 92100-446Э от 01.11.2018 | G78: 7805273596 | H78: НОРД-МЕТАЛЛ ООО | I78: =[1]Итог!D115 -> 0.187 | J78: =[1]Ведомость!D124 -> 10470 | K78: =I78*J78*1.22 -> 2388.6258 | O78: 21.823
B79: sergey.agafonov@petrostal.spb.ru; Aleksandr.Remizov@petrostal.kzgroup.ru; Aleksandr.CHiglintsev@lsss.kzgroup.ru | E79: =ROW()-11 -> 68 | F79: 92100-428Э от 01.10.2018 | G79: 7805702968 | H79: НПО ЛАБОРАТОРИЯ СПЕЦИАЛЬНЫХ СТАЛЕЙ И СПЛАВОВ ООО | I79: =[1]Итог!D21 -> 1521.504 | J79: =[1]Ведомость!D20 -> 8310 | K79: =I79*J79*1.22 -> 15425312 | O79: 5.133
A80: п | B80: rukit@obedov.ru; info@obedov.ru | C80: 8-965-090-44-18 | D80: Мутусов Антон | E80: =ROW()-11 -> 69 | F80: 92100-319Э от 31.03.2017 | G80: 4707018200 | H80: ОБЕДОВ ООО | I80: =[1]Итог!D117 -> 86.042 | J80: =[1]Ведомость!D126 -> 8940 | K80: =I80*J80*1.22 -> 938442.89 | O80: 141.842
A81: п | B81: pavlowa@mail.ru | E81: =ROW()-11 -> 70 | F81: 92100-528Э от 01.10.2020 | G81: 780700278876 | H81: Павлова Галина Михайловна | I81: =[1]Итог!D118 -> 4.776 | J81: =[1]Ведомость!D127 -> 10470 | K81: =I81*J81*1.22 -> 61005.758 | O81: 1.314
A82: п | B82: Иван Максимов <maksimovparsek@gmail.com>; info@parsek-spb.ru | C82: 8-911-743-02-57, 457-02-57 доб. 242 | D82: Яхонтов Александр Иванович | E82: =ROW()-11 -> 71 | F82: 92100-024Э от 01.01.2009 | G82: 7809010090 | H82: Фирма Парсек ООО | I82: =[1]Итог!D119 -> 298.3 | J82: =[1]Ведомость!D128 -> 10470 | K82: =I82*J82*1.22 -> 3810305.2 | O82: 4.9
B83: pisanov@mail.ru | C83: 989313216261 | E83: =ROW()-11 -> 72 | F83: 92100-088Э от 17.05.2011 | G83: 780500480852 | H83: Писанов Владислав Викторович | I83: =[1]Итог!D120 -> 13.222 | J83: =[1]Ведомость!D129 -> 10470 | K83: =I83*J83*1.22 -> 168889.89 | O83: 71.571
A84: п | B84: vadimtodua.pmk@yandex.ru; ivanov_pmk@inbox.ru; info@spbmk.ru | C84: 8-952-232-32-49 | D84: Вадим | E84: =ROW()-11 -> 73 | F84: 92100-461Э от 22.01.2019 | G84: 7805348153 | H84: ПМК ООО | I84: =[1]Итог!D121 -> 5.584 | J84: =[1]Ведомость!D130 -> 10470 | K84: =I84*J84*1.22 -> 71326.666 | O84: 109.66
A85: п | B85: info@polimervolokno.ru;region1@polimervolokno.ru; | C85: 921-772-24-98; 8-905-273-36-07 | D85: 03121991@mail.ru — бухгалтерия | E85: =ROW()-11 -> 74 | F85: 92100-532Э от 28.10.2020 | G85: 7805362045 | H85: ПОЛИМЕРВОЛОКНО ООО | I85: =[1]Итог!D123 -> 3.95 | J85: =[1]Ведомость!D132 -> 10470 | K85: =I85*J85*1.22 -> 50454.93 | O85: 160.44
A86: п | B86: main@polimer-tech.ru; anna@polimer-tech.ru | C86: 8-981-749-54-88 | E86: =ROW()-11 -> 75 | F86: 92100-362Э от 01.10.2017 | G86: 7805496627 | H86: Полимер-Тех ООО | I86: =[1]Итог!D124 -> 3.443 | J86: =[1]Ведомость!D133 -> 10470 | K86: =I86*J86*1.22 -> 43978.816 | O86: 16.987
B87: pontos.spb@gmail.com | C87: 89119246858; 8-950-010-77-19 | E87: =ROW()-11 -> 76 | F87: 92100-438Э от 01.10.2018 | G87: 7805729092 | H87: ПОНТОС ООО | I87: =[1]Итог!D125 -> 1.623 | J87: =[1]Ведомость!D134 -> 10470 | K87: =I87*J87*1.22 -> 20731.228 | O87: 0.102
B88: andrbuzin@yandex.ru; | C88: 989119599316; 89697277717 | E88: =ROW()-11 -> 77 | F88: 92100-520Э от 03.08.2020 | G88: 7801643180 | H88: ПОРТАЛ ООО | I88: =[1]Итог!D126 -> 2.519 | J88: =[1]Ведомость!D135 -> 10470 | K88: =I88*J88*1.22 -> 32176.195 | O88: 0.148
A89: п | B89: off-promet4@yandex.ru; info@prommmetall.ru | E89: =ROW()-11 -> 78 | F89: 92100-299Э от 01.02.2017 | G89: 7816225273 | H89: ПРОММ МЕТАЛЛ ООО | I89: =[1]Итог!D127 -> 2.14 | J89: =[1]Ведомость!D136 -> 10470 | K89: =I89*J89*1.22 -> 27335.076 | O89: 3.356
A90: п | B90: prommash-lit@mail.ru; prommash-spb@mail.ru | E90: =ROW()-11 -> 79 | F90: 92100-133Э от 10.06.2013г | G90: 7839009092 | H90: Проммаш-Сервис ООО | I90: =[1]Итог!D128 -> 21.258 | J90: =[1]Ведомость!D137 -> 10470 | K90: =I90*J90*1.22 -> 271536.94 | O90: 6.54
A91: п | B91: andnef82@gmail.com; devyatovnu@mail.ru; kav@promresurs-spb.com; vorobiev@promresurs-spb.com | C91: 8-931-961-3789 | D91: Андрей Нефедов | E91: =ROW()-11 -> 80 | F91: 92100-149Э от 01.04.2014 | G91: 7804524543 | H91: ПРОМРЕСУРС | I91: =[1]Итог!D129 -> 32.812 | J91: =[1]Ведомость!D138 -> 10470 | K91: =I91*J91*1.22 -> 419120.8 | O91: 190.426
A92: п | B92: tarkhova.ptm@mail.ru; PTM-Piter@mail.ru | E92: =ROW()-11 -> 81 | F92: 92100-492Э от 01.11.2019 | G92: 7814522062 | H92: ПТМ ООО | I92: =[1]Итог!D130 -> 2.079 | J92: =[1]Ведомость!D139 -> 10470 | K92: =I92*J92*1.22 -> 26555.899 | O92: 4.74
A93: п | B93: reliz-met@peterlink.ru | E93: =ROW()-11 -> 82 | F93: 92100-415Э от 01.05.2018 | G93: 7805126810 | H93: РЕЛИЗ ООО ПКФ | I93: =[1]Итог!D131 -> 7.726 | J93: =[1]Ведомость!D140 -> 10470 | K93: =I93*J93*1.22 -> 98687.288 | O93: 118.801
B94: rmk.spb26@yandex.ru; elena.s1405@yandex.ru | C94: Екатерина Лукинская | D94: АСКУЭ | E94: =ROW()-11 -> 83 | F94: 92100-090Э от 01.01.2009 | G94: 7840054004 | H94: РМК ООО | I94: =[1]Итог!D132 -> 7.668 | J94: =[1]Ведомость!D141 -> 10470 | K94: =I94*J94*1.22 -> 97946.431 | O94: 0.206
A95: п | B95: info@rosinvest-spb.ru | E95: =ROW()-11 -> 84 | F95: 92100-208Э от 01.01.2016 | G95: 7805581142 | H95: Конструктив-СПб | I95: =[1]Итог!D133 -> 0.701 | J95: =[1]Ведомость!D142 -> 10470 | K95: =I95*J95*1.22 -> 8954.1534 | O95: 2.92
A96: п | B96: info@sequoia-spb.ru; n@sirant.ru | E96: =ROW()-11 -> 85 | F96: 92100-412Э от 01.05.2018 | G96: 7806539055 | H96: РСФ СЕКВОЙЯ ООО | I96: =[1]Итог!D134 -> 0 | J96: =[1]Ведомость!D143 -> 10470 | K96: =I96*J96*1.22 -> 0 | O96: 0.374
A97: п | B97: office@gostara.ru | C97: 7 (812) 748-24-09 | D97: Иван Кузнецов | E97: =ROW()-11 -> 86 | F97: 92100-227Э от 09.03.2016 | G97: 7802874944 | H97: САНКТ-ПЕТЕРБУРГСКАЯ ФАБРИКА ГОСТАРА ООО | I97: =[1]Итог!D138 -> 0.314 | J97: =[1]Ведомость!D147 -> 10470 | K97: =I97*J97*1.22 -> 4010.8476 | O97: 18.176
A98: п | B98: info@smcspb.ru; Vihrov.a@smcspb.ru; Smirnov.s@smcspb.ru | C98: 8-921-977-98-07 | D98: Анна Андреевна Владычанская | E98: =ROW()-11 -> 87 | F98: 92100-154Э от 15.05.2014г. | G98: 7827008320 | H98: МЗ Северный Металлоцентр ООО | I98: =[1]Итог!D109 -> 30.616 | J98: =[1]Ведомость!D117 -> 10470 | K98: =I98*J98*1.22 -> 391070.41 | O98: 0.551
B99: alexander.yurov@Megafon.ru; Irina.yunevich@megafon.ru; epg@megafon.ru; arenda-SZF@Megafon.ru; andery.bachurin@megafon.ru | C99: 8-921-399-19-94; 984997552155 | E99: =ROW()-11 -> 88 | F99: 92100-147Э от 01.03.2014 | G99: 7812014560 | H99: Северо-Западный филиал ПАО "МегаФон" | I99: =[1]Итог!D139 -> 2.18 | J99: =[1]Ведомость!D148 -> 10470 | K99: =I99*J99*1.22 -> 27846.012 | O99: 2.111
A100: п | B100: aesolgan@yahoo.com | C100: 347-78-09 | E100: =ROW()-11 -> 89 | F100: 92100-083Э от 01.01.2009г. | G100: 7806124660 | H100: СИТИ ГЛАСС | I100: =[1]Итог!D140 -> 28.695 | J100: =[1]Ведомость!D149 -> 10470 | K100: =I100*J100*1.22 -> 366532.71 | O100: 7.957
B101: skstroytrans@yandex.ru | C101: 8-921-630-40-62 Сергей Викторович; 8-963324-33-22 Максим | E101: =ROW()-11 -> 90 | F101: 92100-443Э от 01.11.2018 | G101: 7839015096 | H101: СК СТРОЙТРАНС ООО | I101: =[1]Итог!D141 -> 0 | J101: =[1]Ведомость!D150 -> 10470 | K101: =I101*J101*1.22 -> 0 | O101: 0.674
A102: п | B102: vsa_1958@mail.ru; info@skbk.ru | C102: гл.инженер пр-ва Верхоглядов Сергей Андреевич 8-921-095-18-68; | E102: =ROW()-11 -> 91 | F102: 92100-442Э от 01.01.2019 | G102: 7801064369 | H102: СКБК АО | I102: =[1]Итог!D142 -> 18.643 | J102: =[1]Ведомость!D151 -> 10470 | K102: =I102*J102*1.22 -> 238134.5 | O102: 17.367
A103: п | B103: bva@skmz.ru | C103: 8-921-931-72-05 | E103: =ROW()-11 -> 92 | F103: 92100-172Э от 01.10.2014г. | G103: 7805481518 | H103: СКМЗ | I103: =[1]Итог!D143 -> 105.29 | J103: =[1]Ведомость!D152 -> 10470 | K103: =I103*J103*1.22 -> 1344911.3 | O103: 59.425
A104: п | B104: sdaniltsev@sogaz-clinic.ru | C104: 8-981-977-56-39 | D104: Данильцев Сергей Алексеевич | E104: =ROW()-11 -> 93 | F104: 92100-217Э от 01.06.2016 | G104: 7816483740 | H104: ММЦ ПРОФМЕДИЦИНА ООО | I104: =[1]Итог!D144 -> 21.823 | J104: =[1]Ведомость!D153 -> 10470 | K104: =I104*J104*1.22 -> 278753.91 | O104: 13.74
A105: п | B105: i_talian66@mail.ru; Sta47@mail.ru; nv7171@mail.ru | E105: =ROW()-11 -> 94 | F105: 92100-168Э от 01.04.2015 | G105: 7811764842 | H105: ООО ОЛДА | I105: =[1]Итог!D145 -> 4.505 | J105: =[1]Ведомость!D154 -> 10470 | K105: =I105*J105*1.22 -> 57544.167 | O105: 1.707
B106: b.i.sklad@ya.ru; souzblank@bk.ru; blanksborka@bk.ru | C106: 8-952-217-79-52 | D106: Андрей | E106: =ROW()-11 -> 95 | F106: 92100-629ЭА от 01.01.2023 | G106: 7801500833 | H106: КБИ ООО | I106: =[1]Итог!D146 -> 5.045 | J106: =[1]Ведомость!D155 -> 10470 | K106: =I106*J106*1.22 -> 64441.803 | O106: 4.572
A107: п | B107: 9102388@mail.ru; spectrumspb@inbox.ru | C107: 910-23-88; 8-921-910-23-88 | D107: Вадим | E107: =ROW()-11 -> 96 | F107: 92100-681ЭА от 01.09.2024 | G107: 7805815866 | H107: ПК Спектрум ООО | I107: =[1]Итог!D147 -> 5.133 | J107: =[1]Ведомость!D156 -> 10470 | K107: =I107*J107*1.22 -> 65565.862 | O107: 1.417
B108: loferdyuk_au@specmash-kb.com; specmash@specmash-kb.com | C108: loferdyuk_au@specmash-kb.com (главный инженер АО "Спецмаш") specmash@specmash-kb.com (общая почта, секретарь) 320-08-23 (доб.338); 8-965-780-11-30 | D108: Миникеев Марат | E108: =ROW()-11 -> 97 | F108: 92100-027Э от 01.01.2009г. | G108: 7805019624 | H108: СПЕЦМАШ АО | I108: =[1]Итог!D20 -> 141.842 | J108: =[1]Ведомость!D157 -> 10470 | K108: =I108*J108*1.22 -> 1811804.6 | O108: 3.284
...
